south,north,east,west
49.906193,59.360249,1.759,-8.623555
